% Model,ZnO piezo unit_2.mph
% Version,COMSOL 6.4.0.343
% Date,"Apr 30 2026, 21:00"
% Table,Resonant Frequency vs Pressure - 
% p_app (kPa),freq (MHz),Frequency (MHz),log|Z|,Conductance (S)
0,200,200,3.2965918691577496,1.1057676127083462E-5
0,200.04999999999998,200.04999999999998,3.329511264085471,1.1017950062322716E-5
0,200.1,200.1,3.3650720482949645,1.1036948201140002E-5
0,200.14999999999998,200.14999999999998,3.4039706546760113,1.112776076313996E-5
0,200.2,200.2,3.447194759189519,1.1309056445030353E-5
0,200.25,200.25,3.4962038833056597,1.1607947451825092E-5
0,200.29999999999998,200.29999999999998,3.553268958697684,1.2064760288621375E-5
0,200.35,200.35,3.6221689487164395,1.2741306503233244E-5
0,200.39999999999998,200.39999999999998,3.7097990357737074,1.3735921311423773E-5
0,200.45,200.45,3.8305716464603723,1.5212417711270893E-5
0,200.5,200.5,4.022161942841292,1.74598636283559E-5
0,200.54999999999998,200.54999999999998,4.428587172939088,2.1027245191647798E-5
0,200.6,200.6,4.2674822777751835,2.7062926717439474E-5
0,200.64999999999998,200.64999999999998,3.8084997478371885,3.830997602818334E-5
0,200.7,200.7,3.5038343654334803,6.2728622103203E-5
0,200.75,200.75,3.217320178834218,1.3204659732650098E-4
0,200.79999999999998,200.79999999999998,2.851153941553324,4.8399527392138436E-4
0,200.85,200.85,2.2761892829312242,0.005270855077414952
0,200.89999999999998,200.89999999999998,2.774230321405408,4.514447074351863E-4
0,200.95,200.95,3.030871414973789,1.2688329070532025E-4
0,201,201,3.186435921436421,6.050661343164888E-5
0,201.04999999999998,201.04999999999998,3.301841614141801,3.662046010538936E-5
0,201.1,201.1,3.3978471136186315,2.5387885999802533E-5
0,201.14999999999998,201.14999999999998,3.4840575515874974,1.92027796183768E-5
0,201.2,201.2,3.5659685578077713,1.5419707262169806E-5
0,201.25,201.25,3.647395846133309,1.2924204048040893E-5
0,201.29999999999998,201.29999999999998,3.7315900796964447,1.1180921523132892E-5
0,201.35,201.35,3.821973460120629,9.906792097982928E-6
0,201.39999999999998,201.39999999999998,3.9229370104492243,8.940734188161622E-6
0,201.45,201.45,4.04120059789014,8.185595228822943E-6
0,201.5,201.5,4.189001320063851,7.579945261754532E-6
0,201.54999999999998,201.54999999999998,4.394044957158041,7.083389169056613E-6
0,201.6,201.6,4.745801570853033,6.668470401837405E-6
0,201.64999999999998,201.64999999999998,5.088873703855299,6.315990435968191E-6
0,201.7,201.7,4.5751786950018465,6.01219116559174E-6
0,201.75,201.75,4.336276331305899,5.746998639752903E-6
0,201.79999999999998,201.79999999999998,4.187079969060665,5.5128946662164424E-6
0,201.85,201.85,4.079668550702661,5.304172255620742E-6
0,201.89999999999998,201.89999999999998,3.9962847942359625,5.116432611988088E-6
0,201.95,201.95,3.9284552860389677,4.9462380804378544E-6
0,202,202,3.8714897597050832,4.790868129087768E-6
0,202.04999999999998,202.04999999999998,3.8225254982206693,4.648144821535688E-6
0,202.1,202.1,3.7796896254240306,4.516306040629056E-6
0,202.14999999999998,202.14999999999998,3.7416914837814894,4.393912086383099E-6
0,202.2,202.2,3.707604942219352,4.279775964791764E-6
0,202.25,202.25,3.6767435624485176,4.172910734096398E-6
0,202.29999999999998,202.29999999999998,3.648584869974493,4.072489294489187E-6
0,202.35,202.35,3.6227222665249132,3.977813365467982E-6
0,202.39999999999998,202.39999999999998,3.5988333164444355,3.888289323547217E-6
0,202.45,202.45,3.5766581534793915,3.803409215988967E-6
0,202.5,202.5,3.5559843717796475,3.7227357179293E-6
0,202.54999999999998,202.54999999999998,3.5366362015096215,3.645890121112231E-6
0,202.6,202.6,3.5184665924365666,3.5725426731894163E-6
0,202.64999999999998,202.64999999999998,3.501351317990824,3.5024047540997227E-6
0,202.7,202.7,3.4851845125603713,3.4352224990795264E-6
0,202.75,202.75,3.469875244398319,3.3707715688483744E-6
0,202.79999999999998,202.79999999999998,3.455344849316853,3.308852835755221E-6
0,202.85,202.85,3.4415248316685423,3.2492888057246946E-6
0,202.89999999999998,202.89999999999998,3.428355194098626,3.1919206350368416E-6
0,202.95,202.95,3.415783095381342,3.1366056305995194E-6
0,203,203,3.403761762152253,3.0832151454240422E-6
0,203.04999999999998,203.04999999999998,3.3922495991610595,3.0316327988003043E-6
0,203.1,203.1,3.381209456240014,2.98175296459957E-6
0,203.14999999999998,203.14999999999998,3.3706080200800885,2.933479481998327E-6
0,203.2,203.2,3.360415306225872,2.8867245516244586E-6
0,203.25,203.25,3.350604232150641,2.8414077869200752E-6
0,203.29999999999998,203.29999999999998,3.341150256408185,2.79745539600739E-6
0,203.35,203.35,3.3320310719801394,2.7547994737870422E-6
0,203.39999999999998,203.39999999999998,3.3232263443603225,2.7133773874539E-6
0,203.45,203.45,3.314717486782149,2.673131241588524E-6
0,203.5,203.5,3.3064874664502093,2.63400741126338E-6
0,203.54999999999998,203.54999999999998,3.2985206367943793,2.5959561335809712E-6
0,203.6,203.6,3.290802591659652,2.558931149584133E-6
0,203.64999999999998,203.64999999999998,3.2833200380872096,2.522889389861182E-6
0,203.7,203.7,3.2760606849033214,2.4877906982094124E-6
0,203.75,203.75,3.269013144821454,2.4535975886992526E-6
0,203.79999999999998,203.79999999999998,3.262166848127292,2.420275032241268E-6
0,203.85,203.85,3.2555119663347183,2.387790269438893E-6
0,203.89999999999998,203.89999999999998,3.2490393444546872,2.3561126470914347E-6
0,203.95,203.95,3.2427404407224865,2.3252134764757127E-6
0,204,204,3.2366072728064315,2.2950659115817837E-6
0,204.04999999999998,204.04999999999998,3.230632369661879,2.2656448464653063E-6
0,204.1,204.1,3.224808728312789,2.2369268312171743E-6
0,204.14999999999998,204.14999999999998,3.219129774941775,2.208890006431542E-6
0,204.2,204.2,3.213589329751614,2.181514056981378E-6
0,204.25,204.25,3.2081815751291396,2.154780186446257E-6
0,204.29999999999998,204.29999999999998,3.2029010266979756,2.1286711146741845E-6
0,204.35,204.35,3.1977425068908785,2.10317110187038E-6
0,204.39999999999998,204.39999999999998,3.192701120708822,2.078266004653264E-6
0,204.45,204.45,3.1877722333592464,2.053943371320407E-6
0,204.5,204.5,3.1829514494816804,2.03019258684544E-6
0,204.54999999999998,204.54999999999998,3.17823459367532,2.0070050824058622E-6
0,204.6,204.6,3.1736176920368684,1.984374630413221E-6
0,204.64999999999998,204.64999999999998,3.1690969543936593,1.9622977551549277E-6
0,204.7,204.7,3.164668756872265,1.940774302641157E-6
0,204.75,204.75,3.1603296243724914,1.9198082337659333E-6
0,204.79999999999998,204.79999999999998,3.156076212392651,1.8994087364419571E-6
0,204.85,204.85,3.151905287468035,1.8795918021902856E-6
0,204.89999999999998,204.89999999999998,3.1478137051881774,1.8603824927309725E-6
0,204.95,204.95,3.1437983842887625,1.8418182545487035E-6
0,205,205,3.1398562745517298,1.8239538632552833E-6
0,205.04999999999998,205.04999999999998,3.135984314989259,1.8068689719215445E-6
0,205.1,205.1,3.1321793766362696,1.7906799448403792E-6
0,205.14999999999998,205.14999999999998,3.1284381804983816,1.7755589883930342E-6
0,205.2,205.2,3.1247571742913127,1.7617661985862626E-6
0,205.25,205.25,3.121132338401848,1.7497055272541582E-6
0,205.29999999999998,205.29999999999998,3.1175588649373425,1.7400274502737849E-6
0,205.35,205.35,3.114030596909918,1.7338287805105364E-6
0,205.39999999999998,205.39999999999998,3.110538983819454,1.7330707390486405E-6
0,205.45,205.45,3.107070980481925,1.7415368787448097E-6
0,205.5,205.5,3.1036043866033496,1.7673022997192946E-6
0,205.54999999999998,205.54999999999998,3.1000960853230675,1.8302004873557418E-6
0,205.6,205.6,3.0964464793670667,1.990280301335235E-6
0,205.64999999999998,205.64999999999998,3.09235830866339,2.505425831596179E-6
0,205.7,205.7,3.0864985637543567,5.670607944173793E-6
0,205.75,205.75,3.096272203416492,2.4426241099008908E-5
0,205.79999999999998,205.79999999999998,3.090210217470657,3.591048983056391E-6
0,205.85,205.85,3.0854897958997176,2.163491073384211E-6
0,205.89999999999998,205.89999999999998,3.081876074852053,1.817972835196271E-6
0,205.95,205.95,3.0786414790461323,1.6783231243500591E-6
0,206,206,3.075594734363332,1.6041709744900126E-6
0,206.04999999999998,206.04999999999998,3.0726647752119622,1.5572497531636024E-6
0,206.1,206.1,3.069818939970547,1.5237177177531905E-6
0,206.14999999999998,206.14999999999998,3.067039870846719,1.497589464128365E-6
0,206.2,206.2,3.064317287283437,1.475935218380629E-6
0,206.25,206.25,3.0616445537133936,1.4571834671252942E-6
0,206.29999999999998,206.29999999999998,3.05901707263737,1.440429686485671E-6
0,206.35,206.35,3.0564314630597154,1.4251232520217344E-6
0,206.39999999999998,206.39999999999998,3.0538851101260946,1.4109133497287968E-6
0,206.45,206.45,3.051375903811529,1.3975678951647942E-6
0,206.5,206.5,3.048902079932271,1.3849284545759017E-6
0,206.54999999999998,206.54999999999998,3.0464621194138743,1.3728839995391838E-6
0,206.6,206.6,3.0440546821791536,1.361355016656046E-6
0,206.64999999999998,206.64999999999998,3.0416785623751807,1.3502835584154166E-6
0,206.7,206.7,3.0393326571778747,1.3396268311700782E-6
0,206.75,206.75,3.0370159444782243,1.3293529578254288E-6
0,206.79999999999998,206.79999999999998,3.034727466519097,1.3194381176912065E-6
0,206.85,206.85,3.032466317604605,1.3098645802037193E-6
0,206.89999999999998,206.89999999999998,3.030231634647724,1.3006193339310383E-6
0,206.95,206.95,3.0280225897257225,1.2916931200557596E-6
0,207,207,3.025838384073819,1.283079747484854E-6
0,207.04999999999998,207.04999999999998,3.023678243118582,1.2747756077269707E-6
0,207.1,207.1,3.021541412263484,1.2667793351172503E-6
0,207.14999999999998,207.14999999999998,3.0194271532198105,1.2590915753126523E-6
0,207.2,207.2,3.017334740725543,1.2517148367952655E-6
0,207.25,207.25,3.0152634595334553,1.244653408210089E-6
0,207.29999999999998,207.29999999999998,3.0132126015724636,1.2379133300116066E-6
0,207.35,207.35,3.011181463206249,1.2315024128354517E-6
0,207.39999999999998,207.39999999999998,3.009169342522399,1.225430298254923E-6
0,207.45,207.45,3.007175536592674,1.2197085598590538E-6
0,207.5,207.5,3.0051993386505034,1.2143508444639068E-6
0,207.54999999999998,207.54999999999998,3.0032400351311797,1.2093730552681948E-6
0,207.6,207.6,3.0012969025195173,1.2047935802138507E-6
0,207.64999999999998,207.64999999999998,2.9993692039471673,1.2006335706319317E-6
0,207.7,207.7,2.9974561854740096,1.196917277083297E-6
0,207.75,207.75,2.995557071982759,1.1936724514257023E-6
0,207.79999999999998,207.79999999999998,2.9936710626018743,1.1909308266132992E-6
0,207.85,207.85,2.991797325561284,1.1887286887805926E-6
0,207.89999999999998,207.89999999999998,2.9899349923647356,1.1871075598767867E-6
0,207.95,207.95,2.9880831511415575,1.1861150137869187E-6
0,208,208,2.9862408390131803,1.1858056547917741E-6
0,208.04999999999998,208.04999999999998,2.984407033271513,1.18624229477942E-6
0,208.1,208.1,2.9825806411241924,1.1874973753494972E-6
0,208.14999999999998,208.14999999999998,2.9807604877016867,1.189654693636259E-6
0,208.2,208.2,2.9789453019497487,1.1928115072591459E-6
0,208.25,208.25,2.977133699935698,1.1970811157246546E-6
0,208.29999999999998,208.29999999999998,2.9753241649757776,1.2025960448103966E-6
0,208.35,208.35,2.9735150238312955,1.2095119997311828E-6
0,208.39999999999998,208.39999999999998,2.9717044180143812,1.218012805933078E-6
0,208.45,208.45,2.9698902689670246,1.2283166295058657E-6
0,208.5,208.5,2.968070235509488,1.2406838696213458E-6
0,208.54999999999998,208.54999999999998,2.96624166145729,1.2554272567216736E-6
0,208.6,208.6,2.964401510628115,1.2729248894926575E-6
0,208.64999999999998,208.64999999999998,2.962546285527441,1.2936372298429268E-6
0,208.7,208.7,2.9606719246995987,1.3181294905760791E-6
0,208.75,208.75,2.958773671892756,1.3471014633264635E-6
0,208.79999999999998,208.79999999999998,2.9568459075526996,1.381427752193521E-6
0,208.85,208.85,2.95488192933025,1.4222127775540677E-6
0,208.89999999999998,208.89999999999998,2.9528736626257577,1.4708670872175466E-6
0,208.95,208.95,2.950811273672937,1.5292149561904015E-6
0,209,209,2.948682644583638,1.5996488414121441E-6
0,209.04999999999998,209.04999999999998,2.9464726492534665,1.6853555428418748E-6
0,209.1,209.1,2.9441621360505703,1.7906547950321533E-6
0,209.14999999999998,209.14999999999998,2.9417264687636107,1.9215190015946937E-6
0,209.2,209.2,2.9391333846515426,2.0863939357252395E-6
0,209.25,209.25,2.9363397653526,2.2975373445849656E-6
0,209.29999999999998,209.29999999999998,2.933286617895467,2.5732855130070747E-6
0,209.35,209.35,2.9298909915770075,2.942062648631004E-6
0,209.39999999999998,209.39999999999998,2.926032403704378,3.449850627996491E-6
0,209.45,209.45,2.921528873554946,4.175003514023298E-6
0,209.5,209.5,2.9160919463218753,5.259980332953497E-6
0,209.54999999999998,209.54999999999998,2.9092356100750205,6.986269939289222E-6
0,209.6,209.6,2.9000728695198714,9.975383391686813E-6
0,209.64999999999998,209.64999999999998,2.8867978660431843,1.583166794340754E-5
0,209.7,209.7,2.865099889175253,2.9811342156532107E-5
0,209.75,209.75,2.8217379301913303,7.804115542539851E-5
0,209.79999999999998,209.79999999999998,2.6970631166369157,4.935635842251086E-4
0,209.85,209.85,3.1867860560223655,5.731508964904337E-4
0,209.89999999999998,209.89999999999998,3.1092822465696948,8.342710840353762E-5
0,209.95,209.95,3.0351219398065132,3.1023254014148844E-5
0,210,210,3.0042191486874925,1.6256889419828736E-5
0,210.04999999999998,210.04999999999998,2.9871234605666914,1.0150817691368342E-5
0,210.1,210.1,2.9760637688447877,7.055051801318936E-6
0,210.14999999999998,210.14999999999998,2.9681687064158204,5.272883135451076E-6
0,210.2,210.2,2.962137812249077,4.153632039705523E-6
0,210.25,210.25,2.957297830981195,3.40463764861304E-6
0,210.29999999999998,210.29999999999998,2.9532656154781805,2.8785373883000717E-6
0,210.35,210.35,2.94980716045965,2.4945944481871104E-6
0,210.39999999999998,210.39999999999998,2.946771497786475,2.205573776025927E-6
0,210.45,210.45,2.94405686953909,1.9823488766405178E-6
0,210.5,210.5,2.9415921840407053,1.8061688013862087E-6
0,210.54999999999998,210.54999999999998,2.939326266625151,1.66451998294035E-6
0,210.6,210.6,2.9372213342558324,1.548792779064157E-6
0,210.64999999999998,210.64999999999998,2.9352488772478726,1.4529063204179332E-6
0,210.7,210.7,2.933386972442184,1.3724669602138174E-6
0,210.75,210.75,2.9316184792769264,1.3042361925642753E-6
0,210.79999999999998,210.79999999999998,2.9299297979244723,1.2457845064305936E-6
0,210.85,210.85,2.9283099953007783,1.1952604673793258E-6
0,210.89999999999998,210.89999999999998,2.9267501778110234,1.151233189599746E-6
0,210.95,210.95,2.925243033228232,1.1125827046678286E-6
0,211,211,2.9237824907916976,1.0784222795563538E-6
0,211.04999999999998,211.04999999999998,2.922363465402843,1.0480424701850569E-6
0,211.1,211.1,2.920981662606041,1.0208702284343077E-6
0,211.14999999999998,211.14999999999998,2.9196334281438068,9.964386056149483E-7
0,211.2,211.2,2.9183156306363376,9.743640268188031E-7
0,211.25,211.25,2.917025569176015,9.54329048810805E-7
0,211.29999999999998,211.29999999999998,2.9157608998738516,9.360691399001346E-7
0,211.35,211.35,2.914519576971849,9.193624443067758E-7
0,211.39999999999998,211.39999999999998,2.913299805257487,9.040217851628178E-7
0,211.45,211.45,2.912100001327232,8.898883636694194E-7
0,211.5,211.5,2.9109187618350814,8.768267553513783E-7
0,211.54999999999998,211.54999999999998,2.909754837299173,8.647209070799635E-7
0,211.6,211.6,2.908607110361318,8.534709124684051E-7
0,211.64999999999998,211.64999999999998,2.9074745776404267,8.429903974091499E-7
0,211.7,211.7,2.906356334503666,8.332043872835822E-7
0,211.75,211.75,2.905251562221509,8.240475571094822E-7
0,211.79999999999998,211.79999999999998,2.9041595170812653,8.154627880073917E-7
0,211.85,211.85,2.903079521118504,8.073999702384444E-7
0,211.89999999999998,211.89999999999998,2.9020109541916064,7.998150058810658E-7
0,211.95,211.95,2.9009532471769304,7.926689739697082E-7
0,212,212,2.899905876103081,7.859274286037502E-7
0,212.04999999999998,212.04999999999998,2.8988683570756493,7.795598063614261E-7
0,212.1,212.1,2.897840241869981,7.735389240543067E-7
0,212.14999999999998,212.14999999999998,2.8968211140911135,7.67840551406103E-7
0,212.2,212.2,2.895810585816189,7.624430462299868E-7
0,212.25,212.25,2.8948082946498626,7.573270418550131E-7
0,212.29999999999998,212.29999999999998,2.893813901133545,7.52475178490745E-7
0,212.35,212.35,2.892827086459313,7.478718716246533E-7
0,212.39999999999998,212.39999999999998,2.891847550446467,7.435031117825704E-7
0,212.45,212.45,2.8908750097458524,7.39356290889058E-7
0,212.5,212.5,2.8899091962417196,7.354200513650842E-7
0,212.54999999999998,212.54999999999998,2.888949855625203,7.316841545850548E-7
0,212.6,212.6,2.8879967461183598,7.281393660004017E-7
0,212.64999999999998,212.64999999999998,2.8870496373287633,7.247773545808417E-7
0,212.7,212.7,2.8861083092198356,7.2159060459929E-7
0,212.75,212.75,2.8851725511817317,7.18572338117259E-7
0,212.79999999999998,212.79999999999998,2.8842421611914486,7.157164467496493E-7
0,212.85,212.85,2.883316945051592,7.13017431504768E-7
0,212.89999999999998,212.89999999999998,2.8823967156979586,7.104703496688147E-7
0,212.95,212.95,2.8814812925693203,7.08070767865143E-7
0,213,213,2.880570501030745,7.058147205325982E-7
0,213.04999999999998,213.04999999999998,2.8796641718459868,7.036986731475095E-7
0,213.1,213.1,2.8787621406921717,7.017194896740054E-7
0,213.14999999999998,213.14999999999998,2.877864247713067,6.998744037212194E-7
0,213.2,213.2,2.8769703371061395,6.981609929980409E-7
0,213.25,213.25,2.876080256739825,6.965771567314907E-7
0,213.29999999999998,213.29999999999998,2.875193857797806,6.951210956630817E-7
0,213.35,213.35,2.874310994447366,6.937912944654268E-7
0,213.39999999999998,213.39999999999998,2.8734315235289225,6.925865062047649E-7
0,213.45,213.45,2.872555304264707,6.915057387575546E-7
0,213.5,213.5,2.8716821979842635,6.905482429358536E-7
0,213.54999999999998,213.54999999999998,2.8708120678649447,6.897135021862996E-7
0,213.6,213.6,2.869944778685723,6.890012237293785E-7
0,213.64999999999998,213.64999999999998,2.8690801965924475,6.884113310151662E-7
0,213.7,213.7,2.8682181888736302,6.879439573938947E-7
0,213.75,213.75,2.8673586237449786,6.875994409196147E-7
0,213.79999999999998,213.79999999999998,2.866501370141692,6.873783202007363E-7
0,213.85,213.85,2.865646297517353,6.872813312439745E-7
0,213.89999999999998,213.89999999999998,2.8647932756485157,6.873094052329587E-7
0,213.95,213.95,2.8639421744437104,6.874636671939365E-7
0,214,214,2.8630928637563273,6.877454355164061E-7
0,214.04999999999998,214.04999999999998,2.8622452132002842,6.881562222852765E-7
0,214.1,214.1,2.8613990919677685,6.886977344597907E-7
0,214.14999999999998,214.14999999999998,2.8605543686482346,6.893718757396651E-7
0,214.2,214.2,2.859710911047895,6.901807493254004E-7
0,214.25,214.25,2.858868586009119,6.911266613662794E-7
0,214.29999999999998,214.29999999999998,2.858027259228701,6.922121252121692E-7
0,214.35,214.35,2.857186795074845,6.934398664429871E-7
0,214.39999999999998,214.39999999999998,2.8563470564015434,6.948128286912587E-7
0,214.45,214.45,2.8555079043601137,6.963341802725222E-7
0,214.5,214.5,2.8546691982070516,6.980073216574124E-7
0,214.54999999999998,214.54999999999998,2.85383079510749,6.998358938031873E-7
0,214.6,214.6,2.8529925499334414,7.018237873857291E-7
0,214.64999999999998,214.64999999999998,2.852154315056471,7.039751529736826E-7
0,214.7,214.7,2.8513159401334573,7.062944121851403E-7
0,214.75,214.75,2.8504772718852323,7.087862698924115E-7
0,214.79999999999998,214.79999999999998,2.8496381538667954,7.114557275195172E-7
0,214.85,214.85,2.8487984262287585,7.143080975150369E-7
0,214.89999999999998,214.89999999999998,2.8479579254685525,7.173490190659605E-7
0,214.95,214.95,2.847116484170913,7.205844751508346E-7
0,215,215,2.846273930736403,7.240208109908196E-7
10,200,200,3.220853466592519,1.1520985251503736E-5
10,200.04999999999998,200.04999999999998,3.2495125574132957,1.1480782610400947E-5
10,200.1,200.1,3.280149932895423,1.150196079689654E-5
10,200.14999999999998,200.14999999999998,3.3132580605531397,1.1598219229407604E-5
10,200.2,200.2,3.34951987018376,1.178909360920333E-5
10,200.25,200.25,3.3899164930984904,1.2102953523812602E-5
10,200.29999999999998,200.29999999999998,3.4359195920423113,1.258199397586751E-5
10,200.35,200.35,3.4898596655673484,1.3290888780607958E-5
10,200.39999999999998,200.39999999999998,3.5556987527997217,1.4332524950943676E-5
10,200.45,200.45,3.640866380201557,1.5878296351228574E-5
10,200.5,200.5,3.76148868415028,1.8230646366956987E-5
10,200.54999999999998,200.54999999999998,3.9622863460653277,2.1963961211837392E-5
10,200.6,200.6,4.416520188794204,2.8279734593629264E-5
10,200.64999999999998,200.64999999999998,4.036838732842971,4.00479404718732E-5
10,200.7,200.7,3.5937039819449943,6.559707903604053E-5
10,200.75,200.75,3.2508839688436644,1.3812272676804425E-4
10,200.79999999999998,200.79999999999998,2.852796452526857,5.063545966347533E-4
10,200.85,200.85,2.2559548414267283,0.005514673231442891
10,200.89999999999998,200.89999999999998,2.7369624568875937,4.722995722141221E-4
10,200.95,200.95,2.9790218460375946,1.3272337996941366E-4
10,201,201,3.1211404995391385,6.327650592140195E-5
10,201.04999999999998,201.04999999999998,3.223381272679116,3.828590715009194E-5
10,201.1,201.1,3.305841741427055,2.6534269709414426E-5
10,201.14999999999998,201.14999999999998,3.3775157739256145,2.006359534780321E-5
10,201.2,201.2,3.4432330807949802,1.6106063362322663E-5
10,201.25,201.25,3.505980646093142,1.3495650270369056E-5
10,201.29999999999998,201.29999999999998,3.567865867349593,1.1672241114682139E-5
10,201.35,201.35,3.630593770173303,1.0339673238933717E-5
10,201.39999999999998,201.39999999999998,3.695756472084631,9.329413494307413E-6
10,201.45,201.45,3.7650649666687417,8.539815317165451E-6
10,201.5,201.5,3.840607940826171,7.906607381666225E-6
10,201.54999999999998,201.54999999999998,3.925238557831824,7.387526322867118E-6
10,201.6,201.6,4.023287282896763,6.953845902665647E-6
10,201.64999999999998,201.64999999999998,4.142117685650712,6.5854799272703335E-6
10,201.7,201.7,4.296218936347899,6.2680342890198385E-6
10,201.75,201.75,4.521282675568251,5.990969453039507E-6
10,201.79999999999998,201.79999999999998,4.948002359212938,5.7464198585116795E-6
10,201.85,201.85,4.96367160769305,5.52841491813993E-6
10,201.89999999999998,201.89999999999998,4.548906050822276,5.332352738731585E-6
10,201.95,201.95,4.338999640826519,5.154637014090725E-6
10,202,202,4.201049919637224,4.992421718770354E-6
10,202.04999999999998,202.04999999999998,4.099052400523838,4.843428507186551E-6
10,202.1,202.1,4.018543701889958,4.705814073298242E-6
10,202.14999999999998,202.14999999999998,3.952296644797171,4.578072428070931E-6
10,202.2,202.2,3.8961884600554697,4.458961964067265E-6
10,202.25,202.25,3.8476479671217976,4.34745036651053E-6
10,202.29999999999998,202.29999999999998,3.8049651851096438,4.242672543251882E-6
10,202.35,202.35,3.7669462282432584,4.1438981677322024E-6
10,202.39999999999998,202.39999999999998,3.732725171477508,4.050506399231033E-6
10,202.45,202.45,3.7016543868260037,3.961966018863398E-6
10,202.5,202.5,3.6732371177916914,3.877819691200939E-6
10,202.54999999999998,202.54999999999998,3.6470841780401906,3.797671397742662E-6
10,202.6,202.6,3.6228851160993965,3.7211763296841926E-6
10,202.64999999999998,202.64999999999998,3.600388415171787,3.6480327026611565E-6
10,202.7,202.7,3.5793875347363215,3.5779750850494596E-6
10,202.75,202.75,3.55971084339995,3.5107689264443065E-6
10,202.79999999999998,202.79999999999998,3.5412142117481427,3.4462060444294987E-6
10,202.85,202.85,3.5237754653548086,3.384100881152275E-6
10,202.89999999999998,202.89999999999998,3.507290165089975,3.324287382193543E-6
10,202.95,202.95,3.4916683516573115,3.266616381241827E-6
10,203,203,3.47683200200151,3.2109533982132113E-6
10,203.04999999999998,203.04999999999998,3.462713018965709,3.157176777020169E-6
10,203.1,203.1,3.4492516257126864,3.1051761038086257E-6
10,203.14999999999998,203.14999999999998,3.4363950710979276,3.054850857843559E-6
10,203.2,203.2,3.4240965765776648,3.0061092563056404E-6
10,203.25,203.25,3.412314472629061,2.9588672613988025E-6
10,203.29999999999998,203.29999999999998,3.401011485275255,2.913047723903007E-6
10,203.35,203.35,3.3901541425173654,2.8685796419354146E-6
10,203.39999999999998,203.39999999999998,3.3797122773325627,2.8253975173223226E-6
10,203.45,203.45,3.3696586090201963,2.7834407950826714E-6
10,203.5,203.5,3.359968388553757,2.7426533738878995E-6
10,203.54999999999998,203.54999999999998,3.350619096571673,2.702983177442717E-6
10,203.6,203.6,3.341590184912696,2.664381778336228E-6
10,203.64999999999998,203.64999999999998,3.332862854392124,2.626804067314362E-6
10,203.7,203.7,3.324419862886099,2.59020796202896E-6
10,203.75,203.75,3.316245358908028,2.5545541503042665E-6
10,203.79999999999998,203.79999999999998,3.3083247367156017,2.5198058638036668E-6
10,203.85,203.85,3.3006445096894157,2.4859286785479217E-6
10,203.89999999999998,203.89999999999998,3.2931921992848956,2.452890339507588E-6
10,203.95,203.95,3.2859562373042834,2.4206606070234017E-6
10,204,204,3.2789258796084684,2.3892111230376952E-6
10,204.04999999999998,204.04999999999998,3.2720911296860016,2.3585152959310553E-6
10,204.1,204.1,3.265442670741576,2.3285482031727014E-6
10,204.14999999999998,204.14999999999998,3.2589718051686516,2.299286511129403E-6
10,204.2,204.2,3.2526704004378155,2.2707084124215096E-6
10,204.25,204.25,3.2465308405700757,2.2427935814242143E-6
10,204.29999999999998,204.29999999999998,3.240545982477661,2.2155231495785614E-6
10,204.35,204.35,3.234709116547956,2.188879702754473E-6
10,204.39999999999998,204.39999999999998,3.2290139309231485,2.1628473046508567E-6
10,204.45,204.45,3.2234544789885513,2.1374115514465267E-6
10,204.5,204.5,3.2180251496291588,2.1125596655254946E-6
10,204.54999999999998,204.54999999999998,3.2127206398471335,2.08828063930783E-6
10,204.6,204.6,3.207535929352858,2.064565444897404E-6
10,204.64999999999998,204.64999999999998,3.202466256743263,2.0414073322033374E-6
10,204.7,204.7,3.197507096862819,2.0188022483652577E-6
10,204.75,204.75,3.192654138902232,1.9967494268566085E-6
10,204.79999999999998,204.79999999999998,3.1879032647019354,1.975252218481237E-6
10,204.85,204.85,3.183250526592347,1.9543192741383327E-6
10,204.89999999999998,204.89999999999998,3.178692123874987,1.933966249773792E-6
10,204.95,204.95,3.1742243766803373,1.914218303984611E-6
10,205,205,3.1698436953359153,1.8951138280019423E-6
10,205.04999999999998,205.04999999999998,3.1655465423769678,1.8767101442543821E-6
10,205.1,205.1,3.1613293826162527,1.8590924443168719E-6
10,205.14999999999998,205.14999999999998,3.1571886136697485,1.8423882424393948E-6
10,205.2,205.2,3.153120463808503,1.8267915918913884E-6
10,205.25,205.25,3.1491208334365335,1.8126053794158986E-6
10,205.29999999999998,205.29999999999998,3.1451850352357016,1.8003189175380697E-6
10,205.35,205.35,3.141307342525423,1.790758959675792E-6
10,205.39999999999998,205.39999999999998,3.1374801506728036,1.7854056767039663E-6
10,205.45,205.45,3.133692292589764,1.7871166592421108E-6
10,205.5,205.5,3.1299253050228115,1.8019931727337108E-6
10,205.54999999999998,205.54999999999998,3.1261440076108835,1.8450236879936941E-6
10,205.6,205.6,3.122268013017448,1.9615921284100205E-6
10,205.64999999999998,205.64999999999998,3.118058586906699,2.3466100134857356E-6
10,205.7,205.7,3.112446757266301,4.734666144012193E-6
10,205.75,205.75,3.1193837413652394,1.890665126253116E-5
10,205.79999999999998,205.79999999999998,3.11362444951305,3.154713982160778E-6
10,205.85,205.85,3.1089779546922243,2.071701728213234E-6
10,205.89999999999998,205.89999999999998,3.1052304651379457,1.8066135590311852E-6
10,205.95,205.95,3.101800653920827,1.6972068895535927E-6
10,206,206,3.0985352863288704,1.6373825291287277E-6
10,206.04999999999998,206.04999999999998,3.0953771459801462,1.5982157938466912E-6
10,206.1,206.1,3.092299713274632,1.569243450293493E-6
10,206.14999999999998,206.14999999999998,3.089288712754226,1.545940526560257E-6
10,206.2,206.2,3.0863355395869587,1.5260917269285888E-6
10,206.25,206.25,3.0834345161165353,1.5085084817944663E-6
10,206.29999999999998,206.29999999999998,3.080581606883225,1.4925064525333479E-6
10,206.35,206.35,3.077773761262501,1.477668883878881E-6
10,206.39999999999998,206.39999999999998,3.0750085527969957,1.4637301376624524E-6
10,206.45,206.45,3.072283969658192,1.4505144104479954E-6
10,206.5,206.5,3.069598286925185,1.4379016639329054E-6
10,206.54999999999998,206.54999999999998,3.0669499854562083,1.4258077914659538E-6
10,206.6,206.6,3.06433769845884,1.414172612148192E-6
10,206.64999999999998,206.64999999999998,3.06176017513976,1.402952356367682E-6
10,206.7,206.7,3.0592162552274,1.3921148258355528E-6
10,206.75,206.75,3.0567048506111107,1.3816361981791003E-6
10,206.79999999999998,206.79999999999998,3.0542249317508907,1.3714988736976576E-6
10,206.85,206.85,3.051775517353703,1.3616899988711757E-6
10,206.89999999999998,206.89999999999998,3.0493556663271413,1.3522004411249305E-6
10,206.95,206.95,3.0469644713434656,1.3430240709246512E-6
10,207,207,3.0446010535559322,1.3341572584078498E-6
10,207.04999999999998,207.04999999999998,3.0422645581459906,1.325598522988458E-6
10,207.1,207.1,3.0399541504676924,1.3173482950790759E-6
10,207.14999999999998,207.14999999999998,3.037669012620997,1.3094087622418962E-6
10,207.2,207.2,3.0354083403240892,1.3017837810276778E-6
10,207.25,207.25,3.033171339985637,1.2944788420184208E-6
10,207.29999999999998,207.29999999999998,3.0309572258954645,1.2875010799102501E-6
10,207.35,207.35,3.0287652174679147,1.2808593234870776E-6
10,207.39999999999998,207.39999999999998,3.0265945364784375,1.2745641830352535E-6
10,207.45,207.45,3.024444404239109,1.2686281745204784E-6
10,207.5,207.5,3.022314038662331,1.2630658814469577E-6
10,207.54999999999998,207.54999999999998,3.0202026511600675,1.2578941571172886E-6
10,207.6,207.6,3.018109443324063,1.253132371295142E-6
10,207.64999999999998,207.64999999999998,3.0160336033284803,1.2488027070174268E-6
10,207.7,207.7,3.0139743019881213,1.2449305150934576E-6
10,207.75,207.75,3.0119306883987536,1.2415447359146703E-6
10,207.79999999999998,207.79999999999998,3.0099018850709793,1.2386784007286623E-6
10,207.85,207.85,3.007886982457437,1.2363692276045016E-6
10,207.89999999999998,207.89999999999998,3.005885032751156,1.2346603311337726E-6
10,207.95,207.95,3.003895042809991,1.2336010697304201E-6
10,208,208,3.00191596603314,1.233248060457105E-6
10,208.04999999999998,208.04999999999998,2.999946692974841,1.2336663991392678E-6
10,208.1,208.1,2.997986040435805,1.2349311335686363E-6
10,208.14999999999998,208.14999999999998,2.996032738708875,1.2371290507148241E-6
10,208.2,208.2,2.9940854165798467,1.2403608560031367E-6
10,208.25,208.25,2.9921425835834308,1.2447438454119842E-6
10,208.29999999999998,208.29999999999998,2.9902026088856566,1.2504152013127027E-6
10,208.35,208.35,2.988263695995052,1.257536083645712E-6
10,208.39999999999998,208.39999999999998,2.9863238522854534,1.2662967428993458E-6
10,208.45,208.45,2.9843808520194033,1.2769229570061562E-6
10,208.5,208.5,2.982432191171985,1.2896841982239671E-6
10,208.54999999999998,208.54999999999998,2.9804750318277478,1.3049040822265989E-6
10,208.6,208.6,2.9785061332058373,1.3229738579278371E-6
10,208.64999999999998,208.64999999999998,2.976521765380277,1.3443699925746477E-6
10,208.7,208.7,2.974517600383603,1.369677336698814E-6
10,208.75,208.75,2.972488573435334,1.3996199873973975E-6
10,208.79999999999998,208.79999999999998,2.970428704249546,1.4351029184748283E-6
10,208.85,208.85,2.9683308643214965,1.4772688932477255E-6
10,208.89999999999998,208.89999999999998,2.966186470103828,1.5275774241118277E-6
10,208.95,208.95,2.9639850729693036,1.587916106496965E-6
10,209,209,2.961713803025051,1.66076043375418E-6
10,209.04999999999998,209.04999999999998,2.9593566021509816,1.7494078068499062E-6
10,209.1,209.1,2.95689314678824,1.8583278761384642E-6
10,209.14999999999998,209.14999999999998,2.954297303496949,1.993700312246093E-6
10,209.2,209.2,2.951534862507103,2.1642639874021895E-6
10,209.25,209.25,2.9485601224060276,2.3827020334629507E-6
10,209.29999999999998,209.29999999999998,2.94531058431557,2.66798706224079E-6
10,209.35,209.35,2.9416984116932525,3.049529688513386E-6
10,209.39999999999998,209.39999999999998,2.937596098091369,3.5749074992483167E-6
10,209.45,209.45,2.9328111830531185,4.325193680702616E-6
10,209.5,209.5,2.927038848466093,5.447791021985956E-6
10,209.54999999999998,209.54999999999998,2.919766034708205,7.233956909630976E-6
10,209.6,209.6,2.910057620822494,1.0326770780926346E-5
10,209.64999999999998,209.64999999999998,2.8960131906238793,1.6386255835752565E-5
10,209.7,209.7,2.87310809275407,3.085103838804449E-5
10,209.75,209.75,2.8275001391984316,8.075455183718991E-5
10,209.79999999999998,209.79999999999998,2.6971232142382124,5.106969640289947E-4
10,209.85,209.85,3.1924530278124346,5.930462978511832E-4
10,209.89999999999998,209.89999999999998,3.135079769054127,8.632737382514627E-5
10,209.95,209.95,3.054490808880551,3.210489027874537E-5
10,210,210,3.02116695499988,1.682605047797922E-5
10,210.04999999999998,210.04999999999998,3.0028035892577516,1.0508047166840637E-5
10,210.1,210.1,2.990950711508576,7.304818639726871E-6
10,210.14999999999998,210.14999999999998,2.982502151574527,5.4607743600610106E-6
10,210.2,210.2,2.976055493796385,4.3026537046031265E-6
10,210.25,210.25,2.9708862144858053,3.527639388318544E-6
10,210.29999999999998,210.29999999999998,2.9665826047487576,2.9832548009705653E-6
10,210.35,210.35,2.9628934965114464,2.5859612563651105E-6
10,210.39999999999998,210.39999999999998,2.9596569897315503,2.2868844630232957E-6
10,210.45,210.45,2.9567640334325778,2.055887121932367E-6
10,210.5,210.5,2.9541384835089053,1.8735675516849041E-6
10,210.54999999999998,210.54999999999998,2.951725553683234,1.7269779133632047E-6
10,210.6,210.6,2.9494848099612696,1.6072097745377742E-6
10,210.64999999999998,210.64999999999998,2.947385752162387,1.5079712340257626E-6
10,210.7,210.7,2.9454049328299794,1.4247161665137222E-6
10,210.75,210.75,2.943524023793758,1.3540936756052575E-6
10,210.79999999999998,210.79999999999998,2.9417284857015495,1.293589935151262E-6
10,210.85,210.85,2.9400066320122997,1.2412892572295959E-6
10,210.89999999999998,210.89999999999998,2.938348957450251,1.1957110973255217E-6
10,210.95,210.95,2.9367476476766226,1.1556966184563502E-6
10,211,211,2.9351962155862448,1.1203283132950175E-6
10,211.04999999999998,211.04999999999998,2.933689227654579,1.0888721161691617E-6
10,211.1,211.1,2.932222095355146,1.0607350909156887E-6
10,211.14999999999998,211.14999999999998,2.9307909142823374,1.0354340829395764E-6
10,211.2,211.2,2.9293923387174625,1.012572204897323E-6
10,211.25,211.25,2.928023482848771,9.918209962161009E-7
10,211.29999999999998,211.29999999999998,2.9266818422622336,9.729067441762234E-7
10,211.35,211.35,2.9253652310092457,9.555998930508454E-7
10,211.39999999999998,211.39999999999998,2.9240717307591053,9.397067696144658E-7
10,211.45,211.45,2.9227996494118202,9.250630635770229E-7
10,211.5,211.5,2.9215474871775053,9.115286502445874E-7
10,211.54999999999998,211.54999999999998,2.920313908596136,8.989834486040489E-7
10,211.6,211.6,2.9190977193162766,8.873240848110223E-7
10,211.64999999999998,211.64999999999998,2.91789784671389,8.764611869930913E-7
10,211.7,211.7,2.9167133236286773,8.663171784648768E-7
10,211.75,211.75,2.9155432746472965,8.568244671263105E-7
10,211.79999999999998,211.79999999999998,2.9143869044786217,8.479239518481214E-7
10,211.85,211.85,2.913243488057297,8.395637839773742E-7
10,211.89999999999998,211.89999999999998,2.9121123620817366,8.31698335392984E-7
10,211.95,211.95,2.9109929177490583,8.242873346841306E-7
10,212,212,2.909884594492861,8.172951408921663E-7
10,212.04999999999998,212.04999999999998,2.9087868745651075,8.106901303808057E-7
10,212.1,212.1,2.907699278331363,8.04444177149638E-7
10,212.14999999999998,212.14999999999998,2.9066213601715676,7.98532210685183E-7
10,212.2,212.2,2.905552704896054,7.929318384854115E-7
10,212.25,212.25,2.904492924602425,7.876230226404087E-7
10,212.29999999999998,212.29999999999998,2.903441655910209,7.825878018847613E-7
10,212.35,212.35,2.9023985575206512,7.77810051954893E-7
10,212.39999999999998,212.39999999999998,2.9013633080571806,7.732752783979611E-7
10,212.45,212.45,2.9003356041487582,7.689704369255264E-7
10,212.5,212.5,2.8993151587241335,7.64883777262914E-7
10,212.54999999999998,212.54999999999998,2.8983016994895476,7.610047070554667E-7
10,212.6,212.6,2.897294967566665,7.573236730107205E-7
10,212.64999999999998,212.64999999999998,2.896294716270453,7.538320568454692E-7
10,212.7,212.7,2.8953007100102255,7.50522084023954E-7
10,212.75,212.75,2.8943127232980403,7.473867435543679E-7
10,212.79999999999998,212.79999999999998,2.8933305398527125,7.444197173911158E-7
10,212.85,212.85,2.8923539517871446,7.416153181897353E-7
10,212.89999999999998,212.89999999999998,2.8913827588699252,7.38968434366578E-7
10,212.95,212.95,2.8904167678526234,7.364744815191177E-7
10,213,213,2.889455791854747,7.341293594802826E-7
10,213.04999999999998,213.04999999999998,2.888499649800862,7.3192941426557E-7
10,213.1,213.1,2.887548165902884,7.298714044155434E-7
10,213.14999999999998,213.14999999999998,2.8866011691836984,7.279524711279525E-7
10,213.2,213.2,2.8856584930368663,7.261701118723066E-7
10,213.25,213.25,2.8847199748184713,7.245221570062727E-7
10,213.29999999999998,213.29999999999998,2.883785455467974,7.230067491084481E-7
10,213.35,213.35,2.882854779154798,7.216223247715016E-7
10,213.39999999999998,213.39999999999998,2.881927792947478,7.20367598548723E-7
10,213.45,213.45,2.8810043465033974,7.192415489109147E-7
10,213.5,213.5,2.8800842917764418,7.18243405965905E-7
10,213.54999999999998,213.54999999999998,2.8791674827407823,7.173726408156338E-7
10,213.6,213.6,2.878253775128891,7.166289563998753E-7
10,213.64999999999998,213.64999999999998,2.877343026181835,7.160122797013481E-7
10,213.7,213.7,2.87643509441092,7.155227552142014E-7
10,213.75,213.75,2.8755298393686366,7.151607395792577E-7
10,213.79999999999998,213.79999999999998,2.8746271214281256,7.149267973087471E-7
10,213.85,213.85,2.873726801569604,7.148216975375614E-7
10,213.89999999999998,213.89999999999998,2.872828741173036,7.14846411740807E-7
10,213.95,213.95,2.871932801815608,7.150021123728927E-7
10,214,214,2.871038845073414,7.152901723927007E-7
10,214.04999999999998,214.04999999999998,2.8701467323261807,7.157121656252095E-7
10,214.1,214.1,2.8692563245644096,7.16269868012961E-7
10,214.14999999999998,214.14999999999998,2.868367482197867,7.169652595548088E-7
10,214.2,214.2,2.8674800648647523,7.178005272043605E-7
10,214.25,214.25,2.866593931240928,7.187780684542196E-7
10,214.29999999999998,214.29999999999998,2.865708938848018,7.19900495768162E-7
10,214.35,214.35,2.8648249438603397,7.211706418150786E-7
10,214.39999999999998,214.39999999999998,2.863941800909107,7.225915655255116E-7
10,214.45,214.45,2.8630593628838956,7.24166558988791E-7
10,214.5,214.5,2.862177480730219,7.258991552184416E-7
10,214.54999999999998,214.54999999999998,2.8612960032426433,7.27793136815827E-7
10,214.6,214.6,2.8604147768525654,7.298525455620304E-7
10,214.64999999999998,214.64999999999998,2.85953364541019,7.320816929917672E-7
10,214.7,214.7,2.8586524499593504,7.344851719842925E-7
10,214.75,214.75,2.8577710285050353,7.370678694438332E-7
10,214.79999999999998,214.79999999999998,2.856889215772088,7.398349801132534E-7
10,214.85,214.85,2.8560068429547982,7.4279202160925E-7
10,214.89999999999998,214.89999999999998,2.855123737456031,7.459448507442896E-7
10,214.95,214.95,2.8542397226148823,7.492996812241977E-7
10,215,215,2.8533546174223225,7.528631028591439E-7
50,200,200,3.0059632490563333,1.3374221749194068E-5
50,200.04999999999998,200.04999999999998,3.0260207863116046,1.3332112802707537E-5
50,200.1,200.1,3.0470258751059394,1.3362011179901963E-5
50,200.14999999999998,200.14999999999998,3.069204716422952,1.3480053094521562E-5
50,200.2,200.2,3.09286094502673,1.3709242265904302E-5
50,200.25,200.25,3.118413655093774,1.4082977811773779E-5
50,200.29999999999998,200.29999999999998,3.146460457257377,1.4650928724848425E-5
50,200.35,200.35,3.1778873577171822,1.548921789010069E-5
50,200.39999999999998,200.39999999999998,3.214072247163589,1.6718939509016728E-5
50,200.45,200.45,3.257291881768901,1.854181091107681E-5
50,200.5,200.5,3.3116221879317873,2.1313777321347684E-5
50,200.54999999999998,200.54999999999998,3.3852268195960966,2.5710825292524488E-5
50,200.6,200.6,3.497506182584111,3.31469660984143E-5
50,200.64999999999998,200.64999999999998,3.710304895586494,4.6999798246444776E-5
50,200.7,200.7,4.112797712130696,7.70709067677722E-5
50,200.75,200.75,3.410793043768976,1.6242724453484575E-4
50,200.79999999999998,200.79999999999998,2.8579108133089806,5.95791887484892E-4
50,200.85,200.85,2.182760731385858,0.006489945847576524
50,200.89999999999998,200.89999999999998,2.613181773949869,5.5571903132778E-4
50,200.95,200.95,2.81743214036621,1.560837370279179E-4
50,201,201,2.928336303120821,7.43560758807595E-5
50,201.04999999999998,201.04999999999998,3.0028627502833425,4.494769532912065E-5
50,201.1,201.1,3.0593189950648583,3.111980454788819E-5
50,201.14999999999998,201.14999999999998,3.105519316455891,2.3506858265508747E-5
50,201.2,201.2,3.145407740642472,1.8851487762936743E-5
50,201.25,201.25,3.181211383661862,1.5781435159716912E-5
50,201.29999999999998,201.29999999999998,3.2142962741687438,1.3637519480676283E-5
50,201.35,201.35,3.2455572291494614,1.2071197802770049E-5
50,201.39999999999998,201.39999999999998,3.275614143660833,1.0884130718921648E-5
50,201.45,201.45,3.3049188006890122,9.956695670556505E-6
50,201.5,201.5,3.3338168192949227,9.213255861305367E-6
50,201.54999999999998,201.54999999999998,3.3625856462113037,8.604074938115201E-6
50,201.6,201.6,3.3914591233210474,8.095347905985758E-6
50,201.64999999999998,201.64999999999998,3.42064427969848,7.66343789247609E-6
50,201.7,201.7,3.450333560920785,7.291406782729878E-6
50,201.75,201.75,3.480714442378644,6.966852706183985E-6
50,201.79999999999998,201.79999999999998,3.511977705232527,6.68052062769359E-6
50,201.85,201.85,3.5443253160787767,6.425385568218199E-6
50,201.89999999999998,201.89999999999998,3.5779787197231028,6.196033245705363E-6
50,201.95,201.95,3.6131883790858894,5.9882327486870686E-6
50,202,202,3.6502455772060185,5.798636077410032E-6
50,202.04999999999998,202.04999999999998,3.6894978812081907,5.6245632497962104E-6
50,202.1,202.1,3.7313703725659413,5.463846203981387E-6
50,202.14999999999998,202.14999999999998,3.776396010203578,5.314713794823096E-6
50,202.2,202.2,3.825260801647462,5.175705961190553E-6
50,202.25,202.25,3.8788738550019763,5.045608896111475E-6
50,202.29999999999998,202.29999999999998,3.9384812316586113,4.923405538300802E-6
50,202.35,202.35,4.005861582396797,4.808237376760836E-6
50,202.39999999999998,202.39999999999998,4.083686302031475,4.699374701958373E-6
50,202.45,202.45,4.1762441532229895,4.596193230364972E-6
50,202.5,202.5,4.291085161999799,4.498155584284256E-6
50,202.54999999999998,202.54999999999998,4.443453677873804,4.40479650427748E-6
50,202.6,202.6,4.6719930882970235,4.315710955663387E-6
50,202.64999999999998,202.64999999999998,5.12385231496554,4.230544496906614E-6
50,202.7,202.7,5.039479809119112,4.148985428928997E-6
50,202.75,202.75,4.6460730296865975,4.070758356828106E-6
50,202.79999999999998,202.79999999999998,4.440382640744756,3.9956188791263975E-6
50,202.85,202.85,4.30275731167144,3.923349182863205E-6
50,202.89999999999998,202.89999999999998,4.199815918780005,3.853754370819434E-6
50,202.95,202.95,4.117864856189847,3.7866593838099175E-6
50,203,203,4.049972487924265,3.7219064093701713E-6
50,203.04999999999998,203.04999999999998,3.992148215892727,3.6593526898975113E-6
50,203.1,203.1,3.941885439935063,3.59886866064433E-6
50,203.14999999999998,203.14999999999998,3.897507199058778,3.5403363612269132E-6
50,203.2,203.2,3.8578366114345455,3.483648075032706E-6
50,203.25,203.25,3.822016145090782,3.4287051593174955E-6
50,203.29999999999998,203.29999999999998,3.789401752963851,3.375417035485673E-6
50,203.35,203.35,3.7594975088681264,3.323700314522888E-6
50,203.39999999999998,203.39999999999998,3.7319134741658853,3.273478036792549E-6
50,203.45,203.45,3.7063375460511163,3.2246790090635256E-6
50,203.5,203.5,3.6825160669756976,3.1772372243887074E-6
50,203.54999999999998,203.54999999999998,3.6602401155178215,3.1310913528874957E-6
50,203.6,203.6,3.6393355919921846,3.086184293343083E-6
50,203.64999999999998,203.64999999999998,3.619655904708005,3.042462777130629E-6
50,203.7,203.7,3.601076479242511,2.999877017306353E-6
50,203.75,203.75,3.5834905715002,2.9583803967474638E-6
50,203.79999999999998,203.79999999999998,3.5668060300057722,2.9179291900486212E-6
50,203.85,203.85,3.5509427604825965,2.8784823149853264E-6
50,203.89999999999998,203.89999999999998,3.5358307176001285,2.840001109174012E-6
50,203.95,203.95,3.5214082976665866,2.8024491292156117E-6
50,204,204,3.5076210399527543,2.7657919688572002E-6
50,204.04999999999998,204.04999999999998,3.494420568208313,2.729997093800087E-6
50,204.1,204.1,3.4817637210021863,2.6950336909953082E-6
50,204.14999999999998,204.14999999999998,3.469611831894883,2.6608725299213597E-6
50,204.2,204.2,3.4579301295319635,2.627485834182068E-6
50,204.25,204.25,3.446687234491842,2.5948471613363136E-6
50,204.29999999999998,204.29999999999998,3.4358547347823762,2.5629312891960817E-6
50,204.35,204.35,3.425406825716997,2.5317141062914805E-6
50,204.39999999999998,204.39999999999998,3.4153200028413617,2.5011725046409503E-6
50,204.45,204.45,3.4055727988479254,2.4712842719492823E-6
50,204.5,204.5,3.396145557184174,2.4420279802458856E-6
50,204.54999999999998,204.54999999999998,3.3870202364484037,2.413382866915856E-6
50,204.6,204.6,3.378180240769921,2.3853287028370837E-6
50,204.64999999999998,204.64999999999998,3.3696102722490244,2.357845640398506E-6
50,204.7,204.7,3.3612962022448127,2.3309140312620285E-6
50,204.75,204.75,3.3532249588918397,2.30451419921865E-6
50,204.79999999999998,204.79999999999998,3.3453844287109793,2.2786261466376103E-6
50,204.85,204.85,3.337763370615885,2.253229161938124E-6
50,204.89999999999998,204.89999999999998,3.3303513410094916,2.2283012779388642E-6
50,204.95,204.95,3.3231386290603706,2.2038185017330334E-6
50,205,205,3.3161162016861327,2.179753686990437E-6
50,205.04999999999998,205.04999999999998,3.3092756583343417,2.1560748335850326E-6
50,205.1,205.1,3.302609196446592,2.132742442218422E-6
50,205.14999999999998,205.14999999999998,3.2961095897734274,2.1097052586227307E-6
50,205.2,205.2,3.289770183924597,2.086893165106355E-6
50,205.25,205.25,3.2835849176652614,2.064204788036686E-6
50,205.29999999999998,205.29999999999998,3.2775483866924024,2.041484786572937E-6
50,205.35,205.35,3.2716559840999846,2.018479676343194E-6
50,205.39999999999998,205.39999999999998,3.2659041919364027,1.9947454273250437E-6
50,205.45,205.45,3.260291199452825,1.9694357812537116E-6
50,205.5,205.5,3.254818309369967,1.9407566647734004E-6
50,205.54999999999998,205.54999999999998,3.249493529020344,1.9043164905765597E-6
50,205.6,205.6,3.244342492988545,1.846839436706652E-6
50,205.64999999999998,205.64999999999998,3.2394519986077164,1.7113467410525233E-6
50,205.7,205.7,3.235229200474849,9.908989434134387E-7
50,205.75,205.75,3.226292229818204,-3.1717080837548362E-6
50,205.79999999999998,205.79999999999998,3.222405339318038,1.4093739785832197E-6
50,205.85,205.85,3.2181607616907986,1.7045443475298295E-6
50,205.89999999999998,205.89999999999998,3.2136876625001447,1.7611764543702911E-6
50,205.95,205.95,3.2092015689480338,1.7727419503679546E-6
50,206,206,3.204756899185574,1.7702287476860215E-6
50,206.04999999999998,206.04999999999998,3.200371947485977,1.7620799565550469E-6
50,206.1,206.1,3.196053532693608,1.751346380453057E-6
50,206.14999999999998,206.14999999999998,3.191803968214946,1.7393447762890725E-6
50,206.2,206.2,3.1876235430825446,1.7267177611197921E-6
50,206.25,206.25,3.1835115541621826,1.7138085404681492E-6
50,206.29999999999998,206.29999999999998,3.1794667864060773,1.700813516726637E-6
50,206.35,206.35,3.1754877556452583,1.6878514113078878E-6
50,206.39999999999998,206.39999999999998,3.171572839255818,1.6749972894109176E-6
50,206.45,206.45,3.1677203498393025,1.6623004715821487E-6
50,206.5,206.5,3.1639285781733983,1.6497945013655463E-6
50,206.54999999999998,206.54999999999998,3.1601958187616015,1.6375029591958097E-6
50,206.6,206.6,3.15652038512806,1.6254429941194503E-6
50,206.64999999999998,206.64999999999998,3.152900618858495,1.6136275482189083E-6
50,206.7,206.7,3.1493348947177693,1.602066804504815E-6
50,206.75,206.75,3.145821623248125,1.5907691596097611E-6
50,206.79999999999998,206.79999999999998,3.142359251712263,1.5797418977614463E-6
50,206.85,206.85,3.1389462639307157,1.568991673538541E-6
50,206.89999999999998,206.89999999999998,3.135581179366083,1.5585248698979584E-6
50,206.95,206.95,3.1322625516831937,1.5483478743996766E-6
50,207,207,3.1289889669362068,1.5384673020984857E-6
50,207.04999999999998,207.04999999999998,3.1257590414818948,1.5288901840279377E-6
50,207.1,207.1,3.122571419679931,1.5196241349276052E-6
50,207.14999999999998,207.14999999999998,3.119424771419897,1.510677509958323E-6
50,207.2,207.2,3.116317789495077,1.5020595579505219E-6
50,207.25,207.25,3.113249186830613,1.4937805772513928E-6
50,207.29999999999998,207.29999999999998,3.1102176935615073,1.4858520795032993E-6
50,207.35,207.35,3.1072220539508226,1.478286966094192E-6
50,207.39999999999998,207.39999999999998,3.1042610231277057,1.4710997221584666E-6
50,207.45,207.45,3.1013333636181084,1.4643066331662956E-6
50,207.5,207.5,3.098437841635528,1.4579260293790954E-6
50,207.54999999999998,207.54999999999998,3.095573223089206,1.4519785645148306E-6
50,207.6,207.6,3.092738269259259,1.44648753561934E-6
50,207.64999999999998,207.64999999999998,3.089931732079169,1.4414792525587292E-6
50,207.7,207.7,3.087152348951584,1.4369834671323148E-6
50,207.75,207.75,3.0843988370134574,1.433033873870685E-6
50,207.79999999999998,207.79999999999998,3.081669886744793,1.4296686971933447E-6
50,207.85,207.85,3.0789641547995226,1.4269313829002007E-6
50,207.89999999999998,207.89999999999998,3.076280255907886,1.4248714161612227E-6
50,207.95,207.95,3.0736167536699943,1.4235452935044135E-6
50,208,208,3.070972150023037,1.4230176831183367E-6
50,208.04999999999998,208.04999999999998,3.0683448731123217,1.4233628165781574E-6
50,208.1,208.1,3.065733263239836,1.424666166446098E-6
50,208.14999999999998,208.14999999999998,3.063135556482877,1.4270264790292558E-6
50,208.2,208.2,3.0605498654799366,1.4305582509857874E-6
50,208.25,208.25,3.0579741567534464,1.4353947641695077E-6
50,208.29999999999998,208.29999999999998,3.0554062237770783,1.441691827329689E-6
50,208.35,208.35,3.0528436547826256,1.449632419302536E-6
50,208.39999999999998,208.39999999999998,3.050283794025262,1.459432490759652E-6
50,208.45,208.45,3.0477236948570923,1.4713482670070332E-6
50,208.5,208.5,3.04516006246964,1.4856855126365927E-6
50,208.54999999999998,208.54999999999998,3.042589183505295,1.502811384257685E-6
50,208.6,208.6,3.040006838837444,1.5231697316730777E-6
50,208.64999999999998,208.64999999999998,3.0374081945816496,1.5473010435310436E-6
50,208.7,208.7,3.034787664674432,1.5758687211983187E-6
50,208.75,208.75,3.032138735922418,1.6096940836840192E-6
50,208.79999999999998,208.79999999999998,3.029453742942534,1.6498035835990027E-6
50,208.85,208.85,3.0267235753563777,1.6974933560349762E-6
50,208.89999999999998,208.89999999999998,3.0239372921363112,1.754418771694757E-6
50,208.95,208.95,3.0210816067836497,1.8227207077117736E-6
50,209,209,3.018140189828082,1.9052068031177975E-6
50,209.04999999999998,209.04999999999998,3.0150927082183325,2.005616862880663E-6
50,209.1,209.1,3.0119134780089745,2.1290202005653355E-6
50,209.14999999999998,209.14999999999998,3.0085695356460667,2.282425554848042E-6
50,209.2,209.2,3.0050178125000926,2.4757441941097758E-6
50,209.25,209.25,3.0012008855020698,2.723360788974877E-6
50,209.29999999999998,209.29999999999998,2.9970403903589964,3.046793259171508E-6
50,209.35,209.35,2.992426446957997,3.4793978480515825E-6
50,209.39999999999998,209.39999999999998,2.98719996674221,4.0751349842597876E-6
50,209.45,209.45,2.9811215527811337,4.925954347415199E-6
50,209.5,209.5,2.9738134462384997,6.199033778131618E-6
50,209.54999999999998,209.54999999999998,2.9646427324791675,8.224704791013184E-6
50,209.6,209.6,2.9524626696664065,1.173232033786951E-5
50,209.64999999999998,209.64999999999998,2.9349613947390183,1.8604607405130906E-5
50,209.7,209.7,2.9066974658567295,3.500982331401071E-5
50,209.75,209.75,2.8513141971197435,9.160813748415597E-5
50,209.79999999999998,209.79999999999998,2.6970237507563017,5.792304832452809E-4
50,209.85,209.85,3.172224993675746,6.726279032952241E-4
50,209.89999999999998,209.89999999999998,3.2561145888135896,9.792843551164697E-5
50,209.95,209.95,3.1419149586083654,3.6431435337098466E-5
50,210,210,3.0964543284882717,1.9102694710587045E-5
50,210.04999999999998,210.04999999999998,3.0718809157941926,1.1936965068701479E-5
50,210.1,210.1,3.0561938690057873,8.303885993360077E-6
50,210.14999999999998,210.14999999999998,3.045093187485935,6.212339258510187E-6
50,210.2,210.2,3.036666970246673,4.898740364184378E-6
50,210.25,210.25,3.029937448409413,4.019646347143097E-6
50,210.29999999999998,210.29999999999998,3.024352995354568,3.4021244516588356E-6
50,210.35,210.35,3.019578888675519,2.9514284890743235E-6
50,210.39999999999998,210.39999999999998,3.0154002653248466,2.612127211016139E-6
50,210.45,210.45,3.0116728771244614,2.350040103103999E-6
50,210.5,210.5,3.008296272822093,2.1431625528747294E-6
50,210.54999999999998,210.54999999999998,3.005198335730015,1.9768096350562724E-6
50,210.6,210.6,3.002325938626356,1.8408777564330916E-6
50,210.64999999999998,210.64999999999998,2.9996390677836193,1.7282308884578567E-6
50,210.7,210.7,2.99710700152192,1.6337129917127972E-6
50,210.75,210.75,2.9947057515009328,1.553523607769183E-6
50,210.79999999999998,210.79999999999998,2.9924163054400568,1.4848116500286436E-6
50,210.85,210.85,2.990223392977192,1.4254044166283607E-6
50,210.89999999999998,210.89999999999998,2.988114601578649,1.3736227282339125E-6
50,210.95,210.95,2.9860797319016994,1.3281522736107324E-6
50,211,211,2.984110320216218,1.2879524482529167E-6
50,211.04999999999998,211.04999999999998,2.982199279467209,1.252190700108928E-6
50,211.1,211.1,2.98034062595917,1.2201945408417918E-6
50,211.14999999999998,211.14999999999998,2.9785292687422396,1.1914159922387599E-6
50,211.2,211.2,2.9767608455343253,1.1654049172112577E-6
50,211.25,211.25,2.9750315936058054,1.1417887858384863E-6
50,211.29999999999998,211.29999999999998,2.973338247231217,1.120257161277489E-6
50,211.35,211.35,2.971677955539047,1.1005496880430461E-6
50,211.39999999999998,211.39999999999998,2.9700482161752424,1.0824467074205645E-6
50,211.45,211.45,2.968446821337466,1.065761863208475E-6
50,211.5,211.5,2.966871813566868,1.0503362298264311E-6
50,211.54999999999998,211.54999999999998,2.9653214492983135,1.0360336147087674E-6
50,211.6,211.6,2.9637941686223805,1.0227367741848556E-6
50,211.64999999999998,211.64999999999998,2.9622885700574804,1.0103443453446062E-6
50,211.7,211.7,2.9608033893872534,9.98768343190723E-7
50,211.75,211.75,2.959337481817626,9.879321071905663E-7
50,211.79999999999998,211.79999999999998,2.957889806859641,9.77768607212246E-7
50,211.85,211.85,2.956459415463158,9.682190389329025E-7
50,211.89999999999998,211.89999999999998,2.955045439018112,9.59231653440671E-7
50,211.95,211.95,2.9536470799134937,9.507607775361583E-7
50,212,212,2.952263603401179,9.427659900536999E-7
50,212.04999999999998,212.04999999999998,2.950894330557662,9.352114264731478E-7
50,212.1,212.1,2.9495386321733816,9.280651895388118E-7
50,212.14999999999998,212.14999999999998,2.948195923429299,9.21298847799455E-7
50,212.2,212.2,2.946865659243197,9.148870074962385E-7
50,212.25,212.25,2.945547330188748,9.08806945775737E-7
50,212.29999999999998,212.29999999999998,2.9442404589056066,9.030382954582801E-7
50,212.35,212.35,2.942944596931746,8.975627732727598E-7
50,212.39999999999998,212.39999999999998,2.941659321900489,8.923639448625926E-7
50,212.45,212.45,2.940384235052798,8.874270210712369E-7
50,212.5,212.5,2.9391189590237405,8.827386808533615E-7
50,212.54999999999998,212.54999999999998,2.937863135866923,8.782869169395035E-7
50,212.6,212.6,2.9366164252871654,8.740609010522424E-7
50,212.64999999999998,212.64999999999998,2.9353785030550186,8.700508659035089E-7
50,212.7,212.7,2.9341490595807813,8.662480017223474E-7
50,212.75,212.75,2.932927798628619,8.62644365300096E-7
50,212.79999999999998,212.79999999999998,2.9317144361542553,8.592327999521977E-7
50,212.85,212.85,2.930508699251372,8.56006864934459E-7
50,212.89999999999998,212.89999999999998,2.929310325194335,8.529607731585693E-7
50,212.95,212.95,2.928119060566217,8.500893361346569E-7
50,213,213,2.926934660462033,8.473879152679766E-7
50,213.04999999999998,213.04999999999998,2.9257568877596833,8.448523787439057E-7
50,213.1,213.1,2.924585512449815,8.424790633638248E-7
50,213.14999999999998,213.14999999999998,2.923420311019393,8.402647407396444E-7
50,213.2,213.2,2.9222610658822155,8.382065873591043E-7
50,213.25,213.25,2.9211075648518148,8.363021581068915E-7
50,213.29999999999998,213.29999999999998,2.9199596006516804,8.345493628920441E-7
50,213.35,213.35,2.9188169704594507,8.32946445993462E-7
50,213.39999999999998,213.39999999999998,2.917679475480611,8.314919679247963E-7
50,213.45,213.45,2.9165469205491306,8.301847895237937E-7
50,213.5,213.5,2.915419113751733,8.290240580862878E-7
50,213.54999999999998,213.54999999999998,2.9142958660733567,8.280091953347617E-7
50,213.6,213.6,2.913176991061459,8.27139887081975E-7
50,213.64999999999998,213.64999999999998,2.9120623045066165,8.264160744462375E-7
50,213.7,213.7,2.910951624138215,8.258379464933557E-7
50,213.75,213.75,2.9098447693326617,8.254059342159559E-7
50,213.79999999999998,213.79999999999998,2.9087415608329885,8.251207057408425E-7
50,213.85,213.85,2.9076418204780747,8.249831627122475E-7
50,213.89999999999998,213.89999999999998,2.9065453709402997,8.249944377718344E-7
50,213.95,213.95,2.905452035470053,8.251558930886825E-7
50,214,214,2.9043616376461774,8.254691198967202E-7
50,214.04999999999998,214.04999999999998,2.903274001130951,8.259359389917155E-7
50,214.1,214.1,2.9021889494287536,8.265584022246091E-7
50,214.14999999999998,214.14999999999998,2.901106305647178,8.273387948161016E-7
50,214.2,214.2,2.900025892259625,8.28279638720221E-7
50,214.25,214.25,2.8989475308687473,8.29383696806074E-7
50,214.29999999999998,214.29999999999998,2.8978710419691374,8.306539779926145E-7
50,214.35,214.35,2.8967962447092597,8.320937433036368E-7
50,214.39999999999998,214.39999999999998,2.8957229566507783,8.337065128635951E-7
50,214.45,214.45,2.8946509935251465,8.354960738536604E-7
50,214.5,214.5,2.8935801689861607,8.37466489462783E-7
50,214.54999999999998,214.54999999999998,2.8925102943576824,8.396221088662182E-7
50,214.6,214.6,2.8914411783755964,8.419675782670402E-7
50,214.64999999999998,214.64999999999998,2.890372626923246,8.445078530635962E-7
50,214.7,214.7,2.889304442759002,8.472482111805905E-7
50,214.75,214.75,2.8882364252355224,8.501942676497756E-7
50,214.79999999999998,214.79999999999998,2.887168370009015,8.533519904905022E-7
50,214.85,214.85,2.8861000687382017,8.5672771798617E-7
50,214.89999999999998,214.89999999999998,2.885031308771191,8.603281774429982E-7
50,214.95,214.95,2.8839618728193908,8.641605055324642E-7
50,215,215,2.8828915386173786,8.682322703276647E-7
100,200,200,2.8333882445436447,1.569076737130403E-5
100,200.04999999999998,200.04999999999998,2.8491040505610523,1.564627554308096E-5
100,200.1,200.1,2.865397213919909,1.5687074158659246E-5
100,200.14999999999998,200.14999999999998,2.8824133193887316,1.5832345425924518E-5
100,200.2,200.2,2.9003456240199785,1.6109428086777843E-5
100,200.25,200.25,2.9194573404933606,1.6558008171723467E-5
100,200.29999999999998,200.29999999999998,2.940117700931302,1.7237097161064944E-5
100,200.35,200.35,2.962862937225265,1.8237129276969645E-5
100,200.39999999999998,200.39999999999998,2.988504990121547,1.9701957706605535E-5
100,200.45,200.45,3.018338369800307,2.187120411089584E-5
100,200.5,200.5,3.0545677987150452,2.516769101433059E-5
100,200.54999999999998,200.54999999999998,3.1012944338585378,3.039440539341429E-5
100,200.6,200.6,3.1671640590527197,3.923100547939404E-5
100,200.64999999999998,200.64999999999998,3.2743050357557033,5.5689620464639765E-5
100,200.7,200.7,3.501927315010153,9.141319143227048E-5
100,200.75,200.75,3.650036083884749,1.9280789174396895E-4
100,200.79999999999998,200.79999999999998,2.8608510718052953,7.075885010490426E-4
100,200.85,200.85,2.1051126364181485,0.007709036617745094
100,200.89999999999998,200.89999999999998,2.4956610577055858,6.599933552181383E-4
100,200.95,200.95,2.6747997158313863,1.8528418335143324E-4
100,201,201,2.767450170410805,8.820553832981113E-5
100,201.04999999999998,201.04999999999998,2.827380113653174,5.3274930552761114E-5
100,201.1,201.1,2.8713500372602776,3.685172309598914E-5
100,201.14999999999998,201.14999999999998,2.9063289508451944,2.7810936912637956E-5
100,201.2,201.2,2.9357537919294865,2.2283268263701878E-5
100,201.25,201.25,2.961522994213786,1.863866627140212E-5
100,201.29999999999998,201.29999999999998,2.9847743334859684,1.6094117438153026E-5
100,201.35,201.35,3.0062334513150315,1.4235603507569706E-5
100,201.39999999999998,201.39999999999998,3.0263866233004455,1.2827527249690487E-5
100,201.45,201.45,3.045573305464967,1.172779611228664E-5
100,201.5,201.5,3.064038858412911,1.0846566460859648E-5
100,201.54999999999998,201.54999999999998,3.081966135198906,1.0124760707179274E-5
100,201.6,201.6,3.0994952195509256,9.522225410135547E-6
100,201.64999999999998,201.64999999999998,3.116736210634736,9.01088534898255E-6
100,201.7,201.7,3.1337777669395197,8.570622399867292E-6
100,201.75,201.75,3.1506929769844647,8.186706772612169E-6
100,201.79999999999998,201.79999999999998,3.1675434966692615,7.848146589170774E-6
100,201.85,201.85,3.1843825350818813,7.546598880815887E-6
100,201.89999999999998,201.89999999999998,3.2012570594425807,7.275633879422151E-6
100,201.95,201.95,3.218209461589838,7.0302274169236636E-6
100,202,202,3.2352788484563635,6.806404025733891E-6
100,202.04999999999998,202.04999999999998,3.2525020680078063,6.600981678065172E-6
100,202.1,202.1,3.269914549021404,6.41138636733162E-6
100,202.14999999999998,202.14999999999998,3.287551011284387,6.235515503263831E-6
100,202.2,202.2,3.305446088331782,6.071635957597542E-6
100,202.25,202.25,3.3236348952730035,5.918307058110958E-6
100,202.29999999999998,202.29999999999998,3.342153568063808,5.774321782110306E-6
100,202.35,202.35,3.361039796829213,5.6386613880527E-6
100,202.39999999999998,202.39999999999998,3.3803333739269585,5.510460080366794E-6
100,202.45,202.45,3.4000767771163125,5.388977244744366E-6
100,202.5,202.5,3.4203158092513064,5.2735754506452615E-6
100,202.54999999999998,202.54999999999998,3.4411003184891555,5.163702887438329E-6
100,202.6,202.6,3.462485027190097,5.058879238131787E-6
100,202.64999999999998,202.64999999999998,3.484530503972379,4.958684239712801E-6
100,202.7,202.7,3.507304322335074,4.862748358779591E-6
100,202.75,202.75,3.530882461872102,4.770745144807663E-6
100,202.79999999999998,202.79999999999998,3.5553510258451575,4.682384922499011E-6
100,202.85,202.85,3.580808374013318,4.597409560003015E-6
100,202.89999999999998,202.89999999999998,3.6073678055570264,4.515588106600735E-6
100,202.95,202.95,3.635160979142099,4.436713137020984E-6
100,203,203,3.6643423341881975,4.3605976733151426E-6
100,203.04999999999998,203.04999999999998,3.695094893362481,4.28707258099217E-6
100,203.1,203.1,3.727638004625749,4.215984356688461E-6
100,203.14999999999998,203.14999999999998,3.7622378622925496,4.1471932404565464E-6
100,203.2,203.2,3.7992221022192365,4.080571598439695E-6
100,203.25,203.25,3.839000528649708,4.016002531713478E-6
100,203.29999999999998,203.29999999999998,3.8820953527663606,3.953378674964693E-6
100,203.35,203.35,3.929186715586769,3.892601155257898E-6
100,203.39999999999998,203.39999999999998,3.9811838136422724,3.8335786861319025E-6
100,203.45,203.45,4.039341101009151,3.776226776539172E-6
100,203.5,203.5,4.105458825266599,3.7204670375132134E-6
100,203.54999999999998,203.54999999999998,4.182253799829228,3.666226572194949E-6
100,203.6,203.6,4.274109196776846,3.613437437100537E-6
100,203.64999999999998,203.64999999999998,4.388787135021762,3.562036164401324E-6
100,203.7,203.7,4.542094000302848,3.5119633364095413E-6
100,203.75,203.75,4.774695954817858,3.46316320479866E-6
100,203.79999999999998,203.79999999999998,5.244850398944968,3.4155833478628994E-6
100,203.85,203.85,5.100629801057909,3.3691743605286557E-6
100,203.89999999999998,203.89999999999998,4.720032511141497,3.323889571250529E-6
100,203.95,203.95,4.517542438758451,3.279684781957774E-6
100,204,204,4.380833132447594,3.236518026111533E-6
100,204.04999999999998,204.04999999999998,4.277989516742189,3.1943493411300405E-6
100,204.1,204.1,4.195765983938951,3.1531405507742964E-6
100,204.14999999999998,204.14999999999998,4.127410998756183,3.112855053412213E-6
100,204.2,204.2,4.069019534294682,3.0734576113727648E-6
100,204.25,204.25,4.018130426090961,3.0349141362279725E-6
100,204.29999999999998,204.29999999999998,3.9730928048074716,2.997191463713457E-6
100,204.35,204.35,3.93274565949738,2.9602571107187696E-6
100,204.39999999999998,204.39999999999998,3.896241542606981,2.9240790046286142E-6
100,204.45,204.45,3.862943037688592,2.888625172578586E-6
100,204.5,204.5,3.832358702859628,2.853863373646292E-6
100,204.54999999999998,204.54999999999998,3.8041017100274814,2.819760651426591E-6
100,204.6,204.6,3.7778621711051863,2.786282775263696E-6
100,204.64999999999998,204.64999999999998,3.753388056038799,2.7533935256459337E-6
100,204.7,204.7,3.730471691866646,2.7210537598823815E-6
100,204.75,204.75,3.7089399961050944,2.6892201646711456E-6
100,204.79999999999998,204.79999999999998,3.6886472748422396,2.657843556834751E-6
100,204.85,204.85,3.6694698241395454,2.6268665216862972E-6
100,204.89999999999998,204.89999999999998,3.6513018274513156,2.5962200631615523E-6
100,204.95,204.95,3.6340522048899166,2.565818748911687E-6
100,205,205,3.6176421782920145,2.535553510721074E-6
100,205.04999999999998,205.04999999999998,3.6020033907731155,2.5052806952489543E-6
100,205.1,205.1,3.5870764745514583,2.474804939594862E-6
100,205.14999999999998,205.14999999999998,3.57281000654028,2.44385152885102E-6
100,205.2,205.2,3.5591598372708244,2.412020131625342E-6
100,205.25,205.25,3.5460888386587266,2.3787040488391658E-6
100,205.29999999999998,205.29999999999998,3.5335672152178903,2.3429421228771583E-6
100,205.35,205.35,3.5215737183700484,2.303130572175381E-6
100,205.39999999999998,205.39999999999998,3.5100985394024007,2.256420115600627E-6
100,205.45,205.45,3.4991497454993374,2.1973346837660344E-6
100,205.5,205.5,3.4887681949043694,2.1142110298158004E-6
100,205.54999999999998,205.54999999999998,3.4790659465723985,1.978432493782328E-6
100,205.6,205.6,3.4703437418083674,1.7033985720542313E-6
100,205.64999999999998,205.64999999999998,3.4635622982893874,9.172676505069861E-7
100,205.7,205.7,3.4631644670135757,-3.6888100573707735E-6
100,205.75,205.75,3.4109601761173294,-3.07696572658658E-5
100,205.79999999999998,205.79999999999998,3.4133774816627547,-7.723010258962272E-7
100,205.85,205.85,3.4101421014171946,1.2455976216683875E-6
100,205.89999999999998,205.89999999999998,3.4038591215500835,1.704380073539734E-6
100,205.95,205.95,3.3967576166548965,1.8671607763850094E-6
100,206,206,3.389419087449079,1.936286520882015E-6
100,206.04999999999998,206.04999999999998,3.3820523646573357,1.966910159944666E-6
100,206.1,206.1,3.374746940080343,1.978975043154207E-6
100,206.14999999999998,206.14999999999998,3.3675449670397173,1.981100088449429E-6
100,206.2,206.2,3.3604669853105316,1.977500303859015E-6
100,206.25,206.25,3.353522659869954,1.970433613809478E-6
100,206.29999999999998,206.29999999999998,3.346715796881633,1.96119734697073E-6
100,206.35,206.35,3.34004689323666,1.950579570595556E-6
100,206.39999999999998,206.39999999999998,3.333514519793981,1.939081229096101E-6
100,206.45,206.45,3.3271161111667444,1.927033047995723E-6
100,206.5,206.5,3.320848435105837,1.914660548155487E-6
100,206.54999999999998,206.54999999999998,3.314707880261102,1.9021219188387338E-6
100,206.6,206.6,3.3086906367433557,1.8895309715775766E-6
100,206.64999999999998,206.64999999999998,3.302792811226057,1.8769715379745698E-6
100,206.7,206.7,3.2970105009214445,1.864506777854668E-6
100,206.75,206.75,3.2913398410950845,1.8521853613736976E-6
100,206.79999999999998,206.79999999999998,3.2857770352061735,1.8400456778302733E-6
100,206.85,206.85,3.280318373450718,1.8281187668747707E-6
100,206.89999999999998,206.89999999999998,3.2749602434572136,1.8164304058617787E-6
100,206.95,206.95,3.2696991356111154,1.8050026287439966E-6
100,207,207,3.2645316446713606,1.793854856711359E-6
100,207.04999999999998,207.04999999999998,3.259454468809521,1.783004760328134E-6
100,207.1,207.1,3.2544644068415542,1.7724689347374141E-6
100,207.14999999999998,207.14999999999998,3.249558354187461,1.7622634446056682E-6
100,207.2,207.2,3.244733297923221,1.7524042791107827E-6
100,207.25,207.25,3.2399863111750347,1.7429077462916565E-6
100,207.29999999999998,207.29999999999998,3.2353145470202205,1.7337908289939728E-6
100,207.35,207.35,3.230715232002665,1.7250715193486554E-6
100,207.39999999999998,207.39999999999998,3.226185659321928,1.7167691460629575E-6
100,207.45,207.45,3.221723181719843,1.7089047064736045E-6
100,207.5,207.5,3.217325204064633,1.7015012142949855E-6
100,207.54999999999998,207.54999999999998,3.2129891756041142,1.6945840737617094E-6
100,207.6,207.6,3.208712581840431,1.68818149102516E-6
100,207.64999999999998,207.64999999999998,3.2044929359596632,1.6823249344855966E-6
100,207.7,207.7,3.2003277697241264,1.6770496571806751E-6
100,207.75,207.75,3.1962146237198445,1.672395296315471E-6
100,207.79999999999998,207.79999999999998,3.1921510368181187,1.668406567772996E-6
100,207.85,207.85,3.1881345346883916,1.6651340770196973E-6
100,207.89999999999998,207.89999999999998,3.1841626171588957,1.6626352724455391E-6
100,207.95,207.95,3.180232744180413,1.6609755732220563E-6
100,208,208,3.1763423200992715,1.6602297114448362E-6
100,208.04999999999998,208.04999999999998,3.172488675874558,1.660483338376806E-6
100,208.1,208.1,3.16866904879941,1.6618349575427296E-6
100,208.14999999999998,208.14999999999998,3.164880559178003,1.6643982644217328E-6
100,208.2,208.2,3.161120183282907,1.668304994715026E-6
100,208.25,208.25,3.157384721747645,1.6737084126203027E-6
100,208.29999999999998,208.29999999999998,3.1536707623344937,1.6807876098481924E-6
100,208.35,208.35,3.14997463573497,1.689752838873149E-6
100,208.39999999999998,208.39999999999998,3.1462923626946697,1.7008521755880943E-6
100,208.45,208.45,3.142619590264731,1.7143799045072065E-6
100,208.5,208.5,3.138951514335561,1.730687155642916E-6
100,208.54999999999998,208.54999999999998,3.135282784734619,1.75019551179333E-6
100,208.6,208.6,3.1316073879815214,1.7734145738513675E-6
100,208.64999999999998,208.64999999999998,3.127918501162056,1.8009648572169682E-6
100,208.7,208.7,3.124208308110726,1.8336079518217228E-6
100,208.75,208.75,3.1204677658902886,1.8722867040420034E-6
100,208.79999999999998,208.79999999999998,3.116686304987442,1.918179415003154E-6
100,208.85,208.85,3.1128514400155356,1.9727739345021377E-6
100,208.89999999999998,208.89999999999998,3.108948257952511,2.0379704561729736E-6
100,208.95,208.95,3.104958736302383,2.116226459229929E-6
100,209,209,3.1008608211837645,2.2107647648238507E-6
100,209.04999999999998,209.04999999999998,3.096627160387931,2.3258781829188324E-6
100,209.1,209.1,3.0922233305378093,2.467385606098514E-6
100,209.14999999999998,209.14999999999998,3.087605305670841,2.6433321081010974E-6
100,209.2,209.2,3.082715759305447,2.8650944524953712E-6
100,209.25,209.25,3.0774785205518587,3.1491842333668095E-6
100,209.29999999999998,209.29999999999998,3.0717900116642967,3.5203010053360118E-6
100,209.35,209.35,3.06550555854473,4.0167330474693004E-6
100,209.39999999999998,209.39999999999998,3.0584165968249817,4.700419340522149E-6
100,209.45,209.45,3.050210832778341,5.676905180812249E-6
100,209.5,209.5,3.040398384098276,7.1380872233138785E-6
100,209.54999999999998,209.54999999999998,3.028164428570031,9.463139642735203E-6
100,209.6,209.6,3.0120462715908793,1.3489257284055759E-5
100,209.64999999999998,209.64999999999998,2.989131252340022,2.1377546866868903E-5
100,209.7,209.7,2.952681375935733,4.020830447148984E-5
100,209.75,209.75,2.8829575930267697,1.0517511954288248E-4
100,209.79999999999998,209.79999999999998,2.6961368165471122,6.64897382264978E-4
100,209.85,209.85,3.080147120434448,7.721049100999234E-4
100,209.89999999999998,209.89999999999998,3.4714095615530165,1.1242976261981401E-4
100,209.95,209.95,3.283537837017968,4.183961666006673E-5
100,210,210,3.213660794641534,2.1948500001353262E-5
100,210.04999999999998,210.04999999999998,3.1772764701443896,1.3723112446053034E-5
100,210.1,210.1,3.1545247390347515,9.552720185392407E-6
100,210.14999999999998,210.14999999999998,3.1386367254829928,7.151795381571443E-6
100,210.2,210.2,3.1266891615970698,5.643848688675411E-6
100,210.25,210.25,3.1172149966192144,4.634655045673727E-6
100,210.29999999999998,210.29999999999998,3.1093974228867634,3.9257115150184584E-6
100,210.35,210.35,3.1027456159399667,3.408262529963327E-6
100,210.39999999999998,210.39999999999998,3.096946855781746,3.0186806460041304E-6
100,210.45,210.45,3.091792433411187,2.7177313295648285E-6
100,210.5,210.5,3.0871376983485246,2.4801563043641033E-6
100,210.54999999999998,210.54999999999998,3.08287920597518,2.289099287172615E-6
100,210.6,210.6,3.078940995916779,2.13296273380378E-6
100,210.64999999999998,210.64999999999998,3.075266011266621,2.003555456499119E-6
100,210.7,210.7,3.071810543903296,1.8949590232125836E-6
100,210.75,210.75,3.068540530071456,1.802811022973884E-6
100,210.79999999999998,210.79999999999998,3.065429015043631,1.7238387936302045E-6
100,210.85,210.85,3.0624543779442663,1.6555483658772365E-6
100,210.89999999999998,210.89999999999998,3.0595990634888395,1.5960122668675172E-6
100,210.95,210.95,3.0568486594293787,1.5437218425536753E-6
100,211,211,3.0541912145371,1.4974826169487918E-6
100,211.04999999999998,211.04999999999998,3.0516167269946726,1.4563389300324997E-6
100,211.1,211.1,3.0491167555021472,1.4195188532490554E-6
100,211.14999999999998,211.14999999999998,3.046684120068535,1.3863933788606563E-6
100,211.2,211.2,3.0443126692461413,1.356445807604076E-6
100,211.25,211.25,3.041997097201973,1.3292485228656835E-6
100,211.29999999999998,211.29999999999998,3.039732798599769,1.3044451826547816E-6
100,211.35,211.35,3.0375157524738525,1.2817369317875433E-6
100,211.39999999999998,211.39999999999998,3.035342428549513,1.26087162968084E-6
100,211.45,211.45,3.0332097111021,1.2416353627455445E-6
100,211.5,211.5,3.0311148366349006,1.2238457042975403E-6
100,211.54999999999998,211.54999999999998,3.029055342532794,1.2073463223465156E-6
100,211.6,211.6,3.027029024496294,1.1920026359013162E-6
100,211.64999999999998,211.64999999999998,3.0250339010502536,1.1776982932741825E-6
100,211.7,211.7,3.023068183788894,1.164332299104763E-6
100,211.75,211.75,3.021130252301296,1.151816657271551E-6
100,211.79999999999998,211.79999999999998,3.019218632937322,1.1400744264184765E-6
100,211.85,211.85,3.017331980742683,1.129038107627532E-6
100,211.89999999999998,211.89999999999998,3.0154690640220774,1.1186483009999834E-6
100,211.95,211.95,3.0136287510929787,1.1088525811012195E-6
100,212,212,3.011809998873417,1.0996045515027089E-6
100,212.04999999999998,212.04999999999998,3.01001184301248,1.0908630465927734E-6
100,212.1,212.1,3.008233389323278,1.082591455026584E-6
100,212.14999999999998,212.14999999999998,3.0064738063210203,1.0747571441931966E-6
100,212.2,212.2,3.0047323187010955,1.0673309687610138E-6
100,212.25,212.25,3.003008201620425,1.0602868496972765E-6
100,212.29999999999998,212.29999999999998,3.001300775667507,1.0536014124393562E-6
100,212.35,212.35,2.9996094024245568,1.047253674925278E-6
100,212.39999999999998,212.39999999999998,2.9979334805407674,1.0412247779418857E-6
100,212.45,212.45,2.9962724422475944,1.0354977512526946E-6
100,212.5,212.5,2.9946257502580647,1.0300573103424197E-6
100,212.54999999999998,212.54999999999998,2.9929928949997473,1.0248896792952446E-6
100,212.6,212.6,2.991373392139623,1.019982436103989E-6
100,212.64999999999998,212.64999999999998,2.9897667803633134,1.0153243772270746E-6
100,212.7,212.7,2.9881726193785085,1.0109053988455477E-6
100,212.75,212.75,2.986590488114314,1.0067163924849223E-6
100,212.79999999999998,212.79999999999998,2.9850199830939768,1.0027491531515146E-6
100,212.85,212.85,2.983460716960267,9.98996298362308E-7
100,212.89999999999998,212.89999999999998,2.9819123171355617,9.954511966488328E-7
100,212.95,212.95,2.9803744246019996,9.921079044083398E-7
100,213,213,2.9788466927875366,9.889611100040056E-7
100,213.04999999999998,213.04999999999998,2.9773287865461815,9.860060843406805E-7
100,213.1,213.1,2.975820381222331,9.83238637054121E-7
100,213.14999999999998,213.14999999999998,2.974321161789731,9.806550777548035E-7
100,213.2,213.2,2.972830822057295,9.782521817068933E-7
100,213.25,213.25,2.971349063934213,9.760271594828331E-7
100,213.29999999999998,213.29999999999998,2.969875596748193,9.739776301217805E-7
100,213.35,213.35,2.968410136611636,9.72101597523249E-7
100,213.39999999999998,213.39999999999998,2.9669524058297156,9.70397429644641E-7
100,213.45,213.45,2.965502132346842,9.688638402899028E-7
100,213.5,213.5,2.9640590492267647,9.674998732367335E-7
100,213.54999999999998,213.54999999999998,2.9626228941630846,9.66304888483185E-7
100,213.6,213.6,2.961193409016819,9.65278550434502E-7
100,213.64999999999998,213.64999999999998,2.95977033937761,9.644208178765853E-7
100,213.7,213.7,2.9583534341467717,9.637319355932222E-7
100,213.75,213.75,2.956942445138716,9.632124275121966E-7
100,213.79999999999998,213.79999999999998,2.9555371266992894,9.628630912809811E-7
100,213.85,213.85,2.95413723533838,9.62684994180436E-7
100,213.89999999999998,213.89999999999998,2.952742529375401,9.626794703108988E-7
100,213.95,213.95,2.951352768595363,9.628481189837754E-7
100,214,214,2.949967713914341,9.631928042768003E-7
100,214.04999999999998,214.04999999999998,2.948587127052466,9.637156557038157E-7
100,214.1,214.1,2.9472107702132004,9.64419069989291E-7
100,214.14999999999998,214.14999999999998,2.9458384057673848,9.653057138928718E-7
100,214.2,214.2,2.94446979594083,9.663785281150538E-7
100,214.25,214.25,2.943104702504034,9.676407322457052E-7
100,214.29999999999998,214.29999999999998,2.9417428864630883,9.690958307733155E-7
100,214.35,214.35,2.940384107750436,9.707476201648663E-7
100,214.39999999999998,214.39999999999998,2.9390281249140884,9.726001970365296E-7
100,214.45,214.45,2.9376746948045773,9.746579674345862E-7
100,214.5,214.5,2.936323572258293,9.769256572684719E-7
100,214.54999999999998,214.54999999999998,2.934974509775923,9.794083239290547E-7
100,214.6,214.6,2.933627257195196,9.821113691486214E-7
100,214.64999999999998,214.64999999999998,2.9322815613564908,9.850405531530573E-7
100,214.7,214.7,2.9309371657600405,9.882020101761435E-7
100,214.75,214.75,2.9295938102139623,9.916022654076005E-7
100,214.79999999999998,214.79999999999998,2.928251230471253,9.952482534618772E-7
100,214.85,214.85,2.9269091578550697,9.99147338457214E-7
100,214.89999999999998,214.89999999999998,2.925567318870247,1.0033073358199332E-6
100,214.95,214.95,2.9242254348002583,1.0077365359234713E-6
100,215,215,2.9228832212877585,1.012443729662326E-6
